-- Hapus data lama agar tidak bentrok
TRUNCATE TABLE orders, mutasi_stok, spareparts, customers CASCADE;

-- INSERT CUSTOMERS
INSERT INTO customers (id, nama, no_hp, email, alamat, total_servis) VALUES
('1583b6f6-27e0-4c7f-9b75-746e6a7afbf9', 'Vanesha Prescilla', '08844779481', 'customer1@example.com', 'Jl. Merdeka No. 1, Jakarta', 3),
('e4e42dfd-80d2-4bff-9b3e-ca5d467f0e28', 'Iqbaal Ramadhan', '08734770014', 'customer2@example.com', 'Jl. Merdeka No. 2, Jakarta', 4),
('e21c1196-71be-4445-9bce-f55e5de71689', 'Maudy Ayunda', '08253399182', 'customer3@example.com', 'Jl. Merdeka No. 3, Jakarta', 4),
('15980438-4fdb-4d9f-a71e-e294b0c05141', 'Afgan', '08781578832', 'customer4@example.com', 'Jl. Merdeka No. 4, Jakarta', 4),
('b9452e23-1262-4d2d-9e54-fbb08494a2ea', 'Iqbaal Ramadhan', '08755431514', 'customer5@example.com', 'Jl. Merdeka No. 5, Jakarta', 3),
('8563327d-374c-448d-b36a-ed45625e3cca', 'Michelle Ziudith', '08418660359', 'customer6@example.com', 'Jl. Merdeka No. 6, Jakarta', 1),
('bc316a42-bbff-477f-ad19-b752368fafa9', 'Tara Basro', '08306894141', 'customer7@example.com', 'Jl. Merdeka No. 7, Jakarta', 1),
('da055562-a2f0-4144-b23d-1ecbfe7a5201', 'Kevin Wijaya', '08583169865', 'customer8@example.com', 'Jl. Merdeka No. 8, Jakarta', 5),
('478f0128-0c57-4aaa-8049-01dab6ecb187', 'Maudy Ayunda', '08739643062', 'customer9@example.com', 'Jl. Merdeka No. 9, Jakarta', 4),
('82b82bdb-7f8e-49c5-a1ca-a50bb850208a', 'Kevin Wijaya', '08199064346', 'customer10@example.com', 'Jl. Merdeka No. 10, Jakarta', 4),
('6d298bf0-05e0-493b-9ccd-c65a3166fd6c', 'Iqbaal Ramadhan', '08721380938', 'customer11@example.com', 'Jl. Merdeka No. 11, Jakarta', 4),
('15b9eaf7-b2ea-4381-934f-8842fa50fa5f', 'Sisca Kohl', '08366679133', 'customer12@example.com', 'Jl. Merdeka No. 12, Jakarta', 1),
('1af991f1-6bb0-436b-b84b-3b0b312334e7', 'Sisca Kohl', '08624400290', 'customer13@example.com', 'Jl. Merdeka No. 13, Jakarta', 3),
('e8d6bcef-f153-4a0f-97dd-2b3e8d19a6c1', 'Chef Juna', '08434165928', 'customer14@example.com', 'Jl. Merdeka No. 14, Jakarta', 2),
('d8ec4af1-df9e-4df2-b9b7-311f3109809b', 'Vanesha Prescilla', '08785406961', 'customer15@example.com', 'Jl. Merdeka No. 15, Jakarta', 4),
('087241d2-6b51-4c95-8ae3-d6e251a7e406', 'Maudy Ayunda', '08276478289', 'customer16@example.com', 'Jl. Merdeka No. 16, Jakarta', 2),
('c7ef16a0-994d-4772-a54d-d4823726366c', 'Isyana Sarasvati', '08535863433', 'customer17@example.com', 'Jl. Merdeka No. 17, Jakarta', 2),
('ea97ee82-0fc9-452f-9859-c91f05d47e39', 'Afgan', '08178782314', 'customer18@example.com', 'Jl. Merdeka No. 18, Jakarta', 5);

-- INSERT SPAREPARTS
INSERT INTO spareparts (id, nama, kategori, merek, rak, stok, min_stok, harga_modal, harga, pajak) VALUES
('RAM-KIN-4907', 'RAM Kingston Fury DDR4 8GB 3200MHz', 'RAM', 'Kingston', 'Rak D-1', 15, 5, 350000, 455000, 11),
('RAM-COR-9269', 'RAM Corsair Vengeance DDR4 16GB', 'RAM', 'Corsair', 'Rak F-5', 15, 5, 700000, 910000, 11),
('RAM-SAM-3288', 'RAM Samsung SODIMM DDR4 4GB', 'RAM', 'Samsung', 'Rak A-2', 12, 5, 250000, 325000, 11),
('PEN-SAM-2491', 'SSD Samsung 870 EVO 500GB SATA', 'Penyimpanan', 'Samsung', 'Rak A-4', 20, 5, 750000, 975000, 11),
('PEN-WD-9336', 'SSD NVMe WD Blue SN570 500GB', 'Penyimpanan', 'WD', 'Rak B-1', 43, 5, 680000, 884000, 11),
('PEN-SEA-8235', 'HDD Seagate Barracuda 1TB', 'Penyimpanan', 'Seagate', 'Rak F-4', 22, 5, 600000, 780000, 11),
('BAT-ASU-3918', 'Baterai Laptop Asus X453M', 'Baterai', 'Asus', 'Rak A-4', 47, 5, 250000, 325000, 11),
('BAT-ACE-4176', 'Baterai Acer Aspire E1-471', 'Baterai', 'Acer', 'Rak D-5', 32, 5, 230000, 299000, 11),
('BAT-LEN-5751', 'Baterai Lenovo ThinkPad T470', 'Baterai', 'Lenovo', 'Rak A-4', 17, 5, 450000, 585000, 11),
('KEY-LEN-8063', 'Keyboard Lenovo ThinkPad T470', 'Keyboard', 'Lenovo', 'Rak B-4', 44, 5, 300000, 390000, 11),
('KEY-ASU-8907', 'Keyboard Asus VivoBook A412', 'Keyboard', 'Asus', 'Rak F-2', 21, 5, 200000, 260000, 11),
('LAY-GEN-8468', 'Layar LCD LED 14.0 Slim 30 Pin', 'Layar', 'Generic', 'Rak C-5', 10, 5, 550000, 715000, 11),
('LAY-GEN-9878', 'Layar LCD LED 15.6 Slim 40 Pin', 'Layar', 'Generic', 'Rak C-3', 32, 5, 750000, 975000, 11),
('MOT-ASU-1831', 'Motherboard Asus H410M-E', 'Motherboard', 'Asus', 'Rak D-1', 34, 5, 950000, 1235000, 11),
('MOT-GIG-4714', 'Motherboard Gigabyte B450M DS3H', 'Motherboard', 'Gigabyte', 'Rak E-4', 18, 5, 1100000, 1430000, 11),
('CPU-INT-2315', 'Prosesor Intel Core i3-10100F', 'CPU', 'Intel', 'Rak E-2', 20, 5, 1200000, 1560000, 11),
('CPU-AMD-7488', 'Prosesor AMD Ryzen 5 5600G', 'CPU', 'AMD', 'Rak D-1', 28, 5, 2100000, 2730000, 11),
('VGA-NVI-7346', 'VGA Nvidia GTX 1650 4GB', 'VGA', 'Nvidia', 'Rak E-1', 49, 5, 2500000, 3250000, 11),
('VGA-AMD-9988', 'VGA AMD Radeon RX 6600 8GB', 'VGA', 'AMD', 'Rak D-2', 33, 5, 3200000, 4160000, 11),
('LAI-COR-3511', 'Power Supply Corsair CV550 550W', 'Lainnya', 'Corsair', 'Rak B-3', 44, 5, 750000, 975000, 11),
('LAI-DEE-5866', 'Thermal Paste DeepCool Z5', 'Lainnya', 'DeepCool', 'Rak A-1', 36, 5, 65000, 84500, 11),
('TIN-EPS-6071', 'Tinta Epson 003 Black (Original)', 'Tinta', 'Epson', 'Rak A-3', 9, 5, 85000, 110500, 11),
('TIN-CAN-2574', 'Tinta Canon PG-47 Black', 'Tinta', 'Canon', 'Rak E-4', 20, 5, 120000, 156000, 11),
('TIN-HP-4414', 'Cartridge HP 680 Color', 'Tinta', 'HP', 'Rak E-1', 28, 5, 140000, 182000, 11),
('LAI-GEN-4652', 'Baterai CMOS CR2032', 'Lainnya', 'Generic', 'Rak F-1', 22, 5, 5000, 6500, 11),
('LAI-GEN-8572', 'Kabel SATA 3.0 6Gbps', 'Lainnya', 'Generic', 'Rak B-4', 23, 5, 15000, 19500, 11),
('LAI-ASU-5383', 'Kabel Fleksibel Touchpad Asus', 'Lainnya', 'Asus', 'Rak A-1', 25, 5, 45000, 58500, 11),
('LAI-INT-1174', 'Kipas (Fan) Prosesor Intel LGA 1151', 'Lainnya', 'Intel', 'Rak E-3', 17, 5, 85000, 110500, 11),
('LAI-GEN-5059', 'IC Power Laptop BQ24780S', 'Lainnya', 'Generic', 'Rak C-4', 42, 5, 35000, 45500, 11),
('LAI-LEN-1651', 'Jack DC Power Laptop Lenovo', 'Lainnya', 'Lenovo', 'Rak D-2', 40, 5, 25000, 32500, 11);

-- INSERT ORDERS
INSERT INTO orders (id, no_servis, pelanggan_id, teknisi_id, jenis_perangkat, merk_model, keluhan, pemeriksaan_awal, hasil_diagnosa, estimasi_biaya, biaya_jasa, spareparts, status, tanggal_masuk) VALUES
('1cdddbd3-1277-48fe-8300-aa606b21e3d9', 'SRV-2026-0001', '6d298bf0-05e0-493b-9ccd-c65a3166fd6c', 't2', 'Printer', 'Lenovo Model 53', 'Kena air', 'Sedang dicek', 'Kerusakan pada komponen', 2815000, 280000, '[{"id":"MOT-ASU-1831","nama":"Motherboard Asus H410M-E","harga":1235000,"qty":2},{"id":"LAI-LEN-1651","nama":"Jack DC Power Laptop Lenovo","harga":32500,"qty":2}]', 'BATAL', '2026-04-07T04:04:49.281Z'),
('4a2d0a8e-fbde-4c31-9643-e138486a34d1', 'SRV-2026-0002', 'da055562-a2f0-4144-b23d-1ecbfe7a5201', 't1', 'PC', 'Asus Model 60', 'Blue screen', 'Sedang dicek', 'Kerusakan pada komponen', 1271000, 400000, '[{"id":"LAI-GEN-5059","nama":"IC Power Laptop BQ24780S","harga":45500,"qty":2},{"id":"KEY-LEN-8063","nama":"Keyboard Lenovo ThinkPad T470","harga":390000,"qty":2}]', 'DIAMBIL', '2026-04-07T05:09:17.281Z'),
('f8df17da-b7ba-47f1-b557-b63bd8b374ef', 'SRV-2026-0003', 'e21c1196-71be-4445-9bce-f55e5de71689', 't2', 'Laptop', 'HP Model 84', 'Baterai drop', 'Sedang dicek', 'Kerusakan pada komponen', 3008000, 330000, '[{"id":"RAM-COR-9269","nama":"RAM Corsair Vengeance DDR4 16GB","harga":910000,"qty":1},{"id":"PEN-WD-9336","nama":"SSD NVMe WD Blue SN570 500GB","harga":884000,"qty":2}]', 'MASUK', '2026-04-09T07:19:21.281Z'),
('3cc7c926-71e6-4e3f-9f91-4a93b5396918', 'SRV-2026-0004', '8563327d-374c-448d-b36a-ed45625e3cca', 't2', 'Proyektor', 'Lenovo Model 87', 'Overheat', 'Sedang dicek', 'Kerusakan pada komponen', 324500, 240000, '[{"id":"LAI-DEE-5866","nama":"Thermal Paste DeepCool Z5","harga":84500,"qty":1}]', 'MENUNGGU_SPAREPART', '2026-04-11T04:03:28.281Z'),
('a0d0de21-40de-407b-8570-bccdcf8ba622', 'SRV-2026-0005', '8563327d-374c-448d-b36a-ed45625e3cca', 't1', 'Laptop', 'Asus Model 95', 'Baterai drop', 'Sedang dicek', 'Kerusakan pada komponen', 290000, 290000, '[]', 'MENUNGGU_SPAREPART', '2026-04-11T06:16:45.281Z'),
('da122ec1-e672-4a59-bf21-78e310a0c9e2', 'SRV-2026-0006', 'd8ec4af1-df9e-4df2-b9b7-311f3109809b', 't1', 'Printer', 'HP Model 86', 'Suara berisik', 'Sedang dicek', 'Kerusakan pada komponen', 190000, 190000, '[]', 'SELESAI', '2026-04-20T04:37:47.281Z'),
('5c3325de-c10f-4341-9ec3-eee8577b4fe7', 'SRV-2026-0007', 'e21c1196-71be-4445-9bce-f55e5de71689', 't2', 'Proyektor', 'Asus Model 84', 'Blue screen', 'Sedang dicek', 'Kerusakan pada komponen', 1490000, 190000, '[{"id":"LAY-GEN-9878","nama":"Layar LCD LED 15.6 Slim 40 Pin","harga":975000,"qty":1},{"id":"BAT-ASU-3918","nama":"Baterai Laptop Asus X453M","harga":325000,"qty":1}]', 'MENUNGGU_SPAREPART', '2026-04-22T04:47:14.281Z'),
('cc6a8dab-351e-4f33-aa36-e043977c2f89', 'SRV-2026-0008', 'e8d6bcef-f153-4a0f-97dd-2b3e8d19a6c1', 't1', 'Proyektor', 'Apple Model 78', 'Keyboard error', 'Sedang dicek', 'Kerusakan pada komponen', 4510000, 350000, '[{"id":"VGA-AMD-9988","nama":"VGA AMD Radeon RX 6600 8GB","harga":4160000,"qty":1}]', 'MENUNGGU_KONFIRMASI', '2026-04-26T09:28:09.281Z'),
('765851ac-caf9-45b6-a391-158be405fcb4', 'SRV-2026-0009', '82b82bdb-7f8e-49c5-a1ca-a50bb850208a', 't2', 'Laptop', 'Acer Model 83', 'Blue screen', 'Sedang dicek', 'Kerusakan pada komponen', 1470000, 300000, '[{"id":"BAT-LEN-5751","nama":"Baterai Lenovo ThinkPad T470","harga":585000,"qty":2}]', 'DIAGNOSA', '2026-05-01T04:18:26.281Z'),
('46c68269-ada1-4816-96fd-e48042427286', 'SRV-2026-0010', '15980438-4fdb-4d9f-a71e-e294b0c05141', 't2', 'Monitor', 'Apple Model 90', 'Overheat', 'Sedang dicek', 'Kerusakan pada komponen', 704500, 230000, '[{"id":"LAI-DEE-5866","nama":"Thermal Paste DeepCool Z5","harga":84500,"qty":1},{"id":"KEY-LEN-8063","nama":"Keyboard Lenovo ThinkPad T470","harga":390000,"qty":1}]', 'DIAGNOSA', '2026-05-04T06:43:54.281Z'),
('19fcf130-2d74-40ce-a09b-c4d7d986d150', 'SRV-2026-0011', 'e8d6bcef-f153-4a0f-97dd-2b3e8d19a6c1', 't1', 'PC', 'Lenovo Model 70', 'Overheat', 'Sedang dicek', 'Kerusakan pada komponen', 130000, 130000, '[]', 'MENUNGGU_KONFIRMASI', '2026-05-04T09:18:46.281Z'),
('8ad00a6a-bcc1-443e-891e-b8c1c4d6a59a', 'SRV-2026-0012', '087241d2-6b51-4c95-8ae3-d6e251a7e406', 't1', 'Printer', 'Asus Model 81', 'Suara berisik', 'Sedang dicek', 'Kerusakan pada komponen', 672000, 230000, '[{"id":"TIN-EPS-6071","nama":"Tinta Epson 003 Black (Original)","harga":110500,"qty":2},{"id":"LAI-INT-1174","nama":"Kipas (Fan) Prosesor Intel LGA 1151","harga":110500,"qty":2}]', 'SELESAI', '2026-05-04T10:51:33.281Z'),
('463eee78-0348-4b2b-b78b-d21da4f57793', 'SRV-2026-0013', 'da055562-a2f0-4144-b23d-1ecbfe7a5201', 't2', 'Laptop', 'Acer Model 59', 'Baterai drop', 'Sedang dicek', 'Kerusakan pada komponen', 8791000, 380000, '[{"id":"LAI-GEN-5059","nama":"IC Power Laptop BQ24780S","harga":45500,"qty":2},{"id":"VGA-AMD-9988","nama":"VGA AMD Radeon RX 6600 8GB","harga":4160000,"qty":2}]', 'DIAMBIL', '2026-05-08T08:47:08.281Z'),
('11cfac16-a6da-4255-895b-20f6e34694d8', 'SRV-2026-0014', 'e8d6bcef-f153-4a0f-97dd-2b3e8d19a6c1', 't1', 'Laptop', 'Asus Model 67', 'Tidak bisa booting', 'Sedang dicek', 'Kerusakan pada komponen', 3968000, 380000, '[{"id":"PEN-WD-9336","nama":"SSD NVMe WD Blue SN570 500GB","harga":884000,"qty":2},{"id":"RAM-COR-9269","nama":"RAM Corsair Vengeance DDR4 16GB","harga":910000,"qty":2}]', 'BATAL', '2026-05-12T05:21:44.281Z'),
('3c7c7815-557d-4579-a7e4-cf5eb5a00b6f', 'SRV-2026-0015', '15980438-4fdb-4d9f-a71e-e294b0c05141', 't1', 'Printer', 'Lenovo Model 4', 'Tidak bisa booting', 'Sedang dicek', 'Kerusakan pada komponen', 160000, 160000, '[]', 'MASUK', '2026-05-12T07:02:27.281Z'),
('7926dc6e-c3bb-45ad-a0b4-f0e83dd662d4', 'SRV-2026-0016', 'c7ef16a0-994d-4772-a54d-d4823726366c', 't2', 'Printer', 'MSI Model 33', 'Tinta tidak keluar', 'Sedang dicek', 'Kerusakan pada komponen', 210000, 210000, '[]', 'PROSES', '2026-05-17T08:11:08.281Z'),
('84763770-5e2a-4a23-b658-9530461d971d', 'SRV-2026-0017', '087241d2-6b51-4c95-8ae3-d6e251a7e406', 't2', 'Laptop', 'Apple Model 88', 'Keyboard error', 'Sedang dicek', 'Kerusakan pada komponen', 250000, 250000, '[]', 'PROSES', '2026-05-17T09:51:06.281Z'),
('acd4d70d-d29b-498d-ae26-28eebb67f3c8', 'SRV-2026-0018', '1af991f1-6bb0-436b-b84b-3b0b312334e7', 't2', 'Proyektor', 'Asus Model 5', 'Blue screen', 'Sedang dicek', 'Kerusakan pada komponen', 5650000, 450000, '[{"id":"VGA-NVI-7346","nama":"VGA Nvidia GTX 1650 4GB","harga":3250000,"qty":1},{"id":"LAI-COR-3511","nama":"Power Supply Corsair CV550 550W","harga":975000,"qty":2}]', 'DIAGNOSA', '2026-05-19T06:31:27.281Z'),
('37d0cb6a-7c4e-4700-b614-c234b9746014', 'SRV-2026-0019', 'da055562-a2f0-4144-b23d-1ecbfe7a5201', 't2', 'Laptop', 'Asus Model 45', 'Kena air', 'Sedang dicek', 'Kerusakan pada komponen', 1367000, 210000, '[{"id":"TIN-HP-4414","nama":"Cartridge HP 680 Color","harga":182000,"qty":1},{"id":"LAY-GEN-9878","nama":"Layar LCD LED 15.6 Slim 40 Pin","harga":975000,"qty":1}]', 'DIAMBIL', '2026-06-01T03:04:11.281Z'),
('8ea5bdf9-d8c8-460a-922f-f72a73dd0d29', 'SRV-2026-0020', 'ea97ee82-0fc9-452f-9859-c91f05d47e39', 't2', 'Laptop', 'Apple Model 50', 'Mati total', 'Sedang dicek', 'Kerusakan pada komponen', 230000, 230000, '[]', 'SELESAI', '2026-06-08T05:30:47.281Z'),
('38952056-beb3-440d-9433-fd6e0cdee8b3', 'SRV-2026-0021', 'e4e42dfd-80d2-4bff-9b3e-ca5d467f0e28', 't2', 'Proyektor', 'Dell Model 68', 'Kena air', 'Sedang dicek', 'Kerusakan pada komponen', 140000, 140000, '[]', 'MENUNGGU_KONFIRMASI', '2026-06-15T02:12:47.281Z'),
('2edc259e-cd61-4bb9-9f98-937d794b48c3', 'SRV-2026-0022', '15b9eaf7-b2ea-4381-934f-8842fa50fa5f', 't2', 'Monitor', 'Asus Model 71', 'Keyboard error', 'Sedang dicek', 'Kerusakan pada komponen', 390000, 390000, '[]', 'DIAMBIL', '2026-06-23T07:52:36.281Z'),
('5a35a604-80ce-429e-b2c6-91658e609be6', 'SRV-2026-0023', 'bc316a42-bbff-477f-ad19-b752368fafa9', 't1', 'Printer', 'Dell Model 45', 'Tinta tidak keluar', 'Sedang dicek', 'Kerusakan pada komponen', 1655500, 180000, '[{"id":"LAI-GEN-5059","nama":"IC Power Laptop BQ24780S","harga":45500,"qty":1},{"id":"MOT-GIG-4714","nama":"Motherboard Gigabyte B450M DS3H","harga":1430000,"qty":1}]', 'MENUNGGU_KONFIRMASI', '2026-06-24T03:59:30.281Z'),
('d6918c3c-8425-4338-bab6-953a0a1624a8', 'SRV-2026-0024', 'e8d6bcef-f153-4a0f-97dd-2b3e8d19a6c1', 't1', 'Printer', 'HP Model 98', 'Mati total', 'Sedang dicek', 'Kerusakan pada komponen', 661000, 180000, '[{"id":"TIN-CAN-2574","nama":"Tinta Canon PG-47 Black","harga":156000,"qty":2},{"id":"LAI-DEE-5866","nama":"Thermal Paste DeepCool Z5","harga":84500,"qty":2}]', 'DIAMBIL', '2026-06-26T09:45:42.281Z'),
('06c71d4c-8161-472b-a9d0-9fa7f52802f2', 'SRV-2026-0025', 'e8d6bcef-f153-4a0f-97dd-2b3e8d19a6c1', 't1', 'Monitor', 'MSI Model 74', 'Overheat', 'Sedang dicek', 'Kerusakan pada komponen', 130000, 130000, '[]', 'DIAGNOSA', '2026-06-29T07:29:01.281Z');

-- INSERT MUTASI STOK
INSERT INTO mutasi_stok (id, sparepart_id, jenis, jumlah, keterangan, tanggal) VALUES
('4baeb218-9384-4aea-957b-fdbf48960aea', 'RAM-KIN-4907', 'MASUK', 15, 'Stok Awal Sistem', '2026-06-03T08:01:02.263Z'),
('5fecfdd7-d7eb-4738-957e-8b278433b7fb', 'RAM-COR-9269', 'MASUK', 18, 'Stok Awal Sistem', '2026-05-22T01:38:51.280Z'),
('bb171d1a-b62c-4b2c-8629-9dc99b4e5587', 'RAM-SAM-3288', 'MASUK', 12, 'Stok Awal Sistem', '2026-06-11T06:19:48.280Z'),
('5325cd79-b935-4578-a8f2-8f70bbcb8152', 'PEN-SAM-2491', 'MASUK', 20, 'Stok Awal Sistem', '2026-04-27T07:14:00.280Z'),
('5dd5ca1c-d3fe-44f5-bb87-56b2fd487051', 'PEN-WD-9336', 'MASUK', 47, 'Stok Awal Sistem', '2026-04-04T04:40:35.280Z'),
('99f5c59e-0868-4517-97d7-c03ce0f2af79', 'PEN-SEA-8235', 'MASUK', 22, 'Stok Awal Sistem', '2026-07-02T03:13:53.280Z'),
('0e54b23a-97a4-40d8-a4e9-552d8e44129a', 'BAT-ASU-3918', 'MASUK', 48, 'Stok Awal Sistem', '2026-04-07T05:29:25.280Z'),
('f91bf43d-aed9-4b2a-9556-18da35b915cd', 'BAT-ACE-4176', 'MASUK', 32, 'Stok Awal Sistem', '2026-06-11T09:21:28.280Z'),
('850af476-44c0-453e-85e5-4807500ab3e1', 'BAT-LEN-5751', 'MASUK', 19, 'Stok Awal Sistem', '2026-05-21T10:38:59.280Z'),
('05084f41-0f9c-4c10-9dc6-49054f9f6a6a', 'KEY-LEN-8063', 'MASUK', 47, 'Stok Awal Sistem', '2026-05-29T03:52:06.280Z'),
('d37310d6-6c3f-441d-8f38-6a1aae41f794', 'KEY-ASU-8907', 'MASUK', 21, 'Stok Awal Sistem', '2026-06-15T04:50:44.280Z'),
('14a08288-8b1a-4ca4-9d37-bd9cefb4e3fe', 'LAY-GEN-8468', 'MASUK', 10, 'Stok Awal Sistem', '2026-05-31T07:27:52.280Z'),
('0375ed8e-90a7-439a-bd79-0fc0e6cf0366', 'LAY-GEN-9878', 'MASUK', 34, 'Stok Awal Sistem', '2026-05-14T10:57:30.280Z'),
('73eadc4d-4c08-417e-a215-7ae3090a12e3', 'MOT-ASU-1831', 'MASUK', 36, 'Stok Awal Sistem', '2026-04-06T08:45:52.280Z'),
('c2c62852-de55-4eee-887d-733ab82b990e', 'MOT-GIG-4714', 'MASUK', 19, 'Stok Awal Sistem', '2026-05-02T02:33:58.280Z'),
('61e587b8-8f8e-4049-8457-86eb9fca25c9', 'CPU-INT-2315', 'MASUK', 20, 'Stok Awal Sistem', '2026-06-28T06:42:46.280Z'),
('716d9a2c-a3c0-44c5-860a-4a86a492da66', 'CPU-AMD-7488', 'MASUK', 28, 'Stok Awal Sistem', '2026-05-07T05:01:26.280Z'),
('8a416acd-55de-4cb8-9cb3-a13dda23b45e', 'VGA-NVI-7346', 'MASUK', 50, 'Stok Awal Sistem', '2026-06-14T05:11:59.280Z'),
('a1af5176-a27e-4dcd-bef8-248c2d11118e', 'VGA-AMD-9988', 'MASUK', 36, 'Stok Awal Sistem', '2026-04-28T05:55:32.280Z'),
('7d5e4035-75cd-4211-82ed-92b59c91378c', 'LAI-COR-3511', 'MASUK', 46, 'Stok Awal Sistem', '2026-06-22T08:44:21.280Z'),
('54a0c4ca-e87f-49b7-ac96-ac66259efd04', 'LAI-DEE-5866', 'MASUK', 40, 'Stok Awal Sistem', '2026-06-12T01:46:38.280Z'),
('e7f2fbaa-d340-4570-97b3-45029dc4cd7b', 'TIN-EPS-6071', 'MASUK', 11, 'Stok Awal Sistem', '2026-06-03T05:04:12.280Z'),
('8f37cebf-fe11-4122-b530-cc914be2d9d0', 'TIN-CAN-2574', 'MASUK', 22, 'Stok Awal Sistem', '2026-04-21T05:38:21.280Z'),
('3e28a462-02e4-4976-bac7-f5c0b1baf068', 'TIN-HP-4414', 'MASUK', 29, 'Stok Awal Sistem', '2026-04-12T05:15:52.280Z'),
('23cf5a75-d836-4894-895d-6400f3234d94', 'LAI-GEN-4652', 'MASUK', 22, 'Stok Awal Sistem', '2026-05-31T09:40:28.280Z'),
('767f16e1-9375-4813-95ee-2b7edd4ead6c', 'LAI-GEN-8572', 'MASUK', 23, 'Stok Awal Sistem', '2026-06-11T10:05:22.280Z'),
('1b9b1e81-322e-4a06-89fe-d10a73f45516', 'LAI-ASU-5383', 'MASUK', 25, 'Stok Awal Sistem', '2026-05-31T07:41:08.280Z'),
('e38cb161-0eb0-411e-bb67-474786730372', 'LAI-INT-1174', 'MASUK', 19, 'Stok Awal Sistem', '2026-04-14T05:03:16.281Z'),
('f3d912db-d142-41e9-ac93-b925eb821d69', 'LAI-GEN-5059', 'MASUK', 47, 'Stok Awal Sistem', '2026-04-05T08:49:58.281Z'),
('5a911ac7-7053-40fb-8e68-fba81f19e338', 'LAI-LEN-1651', 'MASUK', 42, 'Stok Awal Sistem', '2026-04-12T10:07:31.281Z'),
('6e485e51-5ad9-4b03-8370-bfcede018cc8', 'MOT-ASU-1831', 'KELUAR', 2, 'Dipakai untuk Servis #SRV-2026-0001', '2026-04-07T23:04:49.281Z'),
('91eed0e0-e17a-43dc-9bef-61675bbb0a66', 'LAI-LEN-1651', 'KELUAR', 2, 'Dipakai untuk Servis #SRV-2026-0001', '2026-04-09T00:04:49.281Z'),
('d8fd24b2-37b7-4364-9462-d7e4a8a51a64', 'LAI-GEN-5059', 'KELUAR', 2, 'Dipakai untuk Servis #SRV-2026-0002', '2026-04-08T22:09:17.281Z'),
('5d42fcf9-f286-4d72-8bc2-73c7ef6d44a0', 'KEY-LEN-8063', 'KELUAR', 2, 'Dipakai untuk Servis #SRV-2026-0002', '2026-04-07T11:09:17.281Z'),
('7c765f98-3c86-41ab-99cc-30cca9d2ba0c', 'RAM-COR-9269', 'KELUAR', 1, 'Dipakai untuk Servis #SRV-2026-0003', '2026-04-10T19:19:21.281Z'),
('2c8e29cf-02ce-4a76-9fa0-1f40772aef9c', 'PEN-WD-9336', 'KELUAR', 2, 'Dipakai untuk Servis #SRV-2026-0003', '2026-04-10T01:19:21.281Z'),
('f7db06b7-e99c-42b8-bd71-14f3087030ba', 'LAI-DEE-5866', 'KELUAR', 1, 'Dipakai untuk Servis #SRV-2026-0004', '2026-04-13T04:03:28.281Z'),
('cb665bca-5b6d-4b4f-844c-78121e8a727e', 'LAY-GEN-9878', 'KELUAR', 1, 'Dipakai untuk Servis #SRV-2026-0007', '2026-04-23T05:47:14.281Z'),
('c92c93d0-4112-4be1-ab7d-c1f4bd89919e', 'BAT-ASU-3918', 'KELUAR', 1, 'Dipakai untuk Servis #SRV-2026-0007', '2026-04-22T09:47:14.281Z'),
('65cbcf66-5a31-4c6c-a825-aa3e13b6f58a', 'VGA-AMD-9988', 'KELUAR', 1, 'Dipakai untuk Servis #SRV-2026-0008', '2026-04-26T17:28:09.281Z'),
('278f2dd5-94ec-4ad4-9487-f50ecf3a3217', 'BAT-LEN-5751', 'KELUAR', 2, 'Dipakai untuk Servis #SRV-2026-0009', '2026-05-02T10:18:26.281Z'),
('79e79833-c1a6-446f-a7bc-7d51767356fc', 'LAI-DEE-5866', 'KELUAR', 1, 'Dipakai untuk Servis #SRV-2026-0010', '2026-05-05T12:43:54.281Z'),
('93a4a1ea-0ad6-43f8-bd86-86188546e34b', 'KEY-LEN-8063', 'KELUAR', 1, 'Dipakai untuk Servis #SRV-2026-0010', '2026-05-04T09:43:54.281Z'),
('3f6a953e-ef8d-409d-a659-74738201880b', 'TIN-EPS-6071', 'KELUAR', 2, 'Dipakai untuk Servis #SRV-2026-0012', '2026-05-05T03:51:33.281Z'),
('7e459a03-dc52-4ea8-92ac-0281a7d586e9', 'LAI-INT-1174', 'KELUAR', 2, 'Dipakai untuk Servis #SRV-2026-0012', '2026-05-05T18:51:33.281Z'),
('18c06cd3-9b75-4a5c-af40-79ba39cc7ea8', 'LAI-GEN-5059', 'KELUAR', 2, 'Dipakai untuk Servis #SRV-2026-0013', '2026-05-08T15:47:08.281Z'),
('a77f2103-a0e3-47e5-9716-577a7ec25714', 'VGA-AMD-9988', 'KELUAR', 2, 'Dipakai untuk Servis #SRV-2026-0013', '2026-05-10T08:47:08.281Z'),
('77c85acf-fb3c-43eb-81a5-28ae52a878fe', 'PEN-WD-9336', 'KELUAR', 2, 'Dipakai untuk Servis #SRV-2026-0014', '2026-05-13T07:21:44.281Z'),
('0601fd2d-c7d3-4fb3-9f94-e36b2b782a80', 'RAM-COR-9269', 'KELUAR', 2, 'Dipakai untuk Servis #SRV-2026-0014', '2026-05-14T02:21:44.281Z'),
('0e514c3c-3c23-47a5-8848-1c1699595f9e', 'VGA-NVI-7346', 'KELUAR', 1, 'Dipakai untuk Servis #SRV-2026-0018', '2026-05-20T23:31:27.281Z'),
('3b77a274-85e7-499d-a89d-73a54d79c5cf', 'LAI-COR-3511', 'KELUAR', 2, 'Dipakai untuk Servis #SRV-2026-0018', '2026-05-20T21:31:27.281Z'),
('3798c474-71ce-4c5a-ab81-a8eb6fcafb99', 'TIN-HP-4414', 'KELUAR', 1, 'Dipakai untuk Servis #SRV-2026-0019', '2026-06-03T01:04:11.281Z'),
('cf63a31d-5f4f-4e7b-81b6-558a47a0c7d6', 'LAY-GEN-9878', 'KELUAR', 1, 'Dipakai untuk Servis #SRV-2026-0019', '2026-06-02T17:04:11.281Z'),
('2d6a134c-75c9-4d2c-abf9-2ea54fa15d66', 'LAI-GEN-5059', 'KELUAR', 1, 'Dipakai untuk Servis #SRV-2026-0023', '2026-06-24T05:59:30.281Z'),
('dc287e4e-fafe-4953-904f-ed151fba889a', 'MOT-GIG-4714', 'KELUAR', 1, 'Dipakai untuk Servis #SRV-2026-0023', '2026-06-25T05:59:30.281Z'),
('c4369ecc-34e2-4e29-8a0d-33e15073bb9f', 'TIN-CAN-2574', 'KELUAR', 2, 'Dipakai untuk Servis #SRV-2026-0024', '2026-06-28T06:45:42.281Z'),
('8fafead0-7717-4ef3-89b2-15fba77b53ce', 'LAI-DEE-5866', 'KELUAR', 2, 'Dipakai untuk Servis #SRV-2026-0024', '2026-06-26T15:45:42.281Z');

