-- INSERT CUSTOMERS
INSERT INTO customers (id, nama, no_hp, email, alamat, total_servis) VALUES
('435c9981-1b29-4993-b6c8-e57d3c878174', 'Tulus', '08304976300', 'customer1@example.com', 'Jl. Merdeka No. 1, Jakarta', 2),
('3471713f-2791-4c25-9e5b-fa91346649d1', 'Iqbaal Ramadhan', '08798466082', 'customer2@example.com', 'Jl. Merdeka No. 2, Jakarta', 1),
('9502ba79-d186-49b2-af59-ea7fb1488b32', 'Boy William', '08928356401', 'customer3@example.com', 'Jl. Merdeka No. 3, Jakarta', 1),
('3aad0e42-05f6-4b0d-810f-f9fdc0ae73ff', 'Maudy Ayunda', '08563470027', 'customer4@example.com', 'Jl. Merdeka No. 4, Jakarta', 2),
('13bd8923-17c4-4581-ae92-6975f01e964e', 'Vanesha Prescilla', '08350923660', 'customer5@example.com', 'Jl. Merdeka No. 5, Jakarta', 1),
('dd4d9e2c-c5b5-4b67-9e32-3735a0f6dee9', 'Jefri Nichol', '08347215178', 'customer6@example.com', 'Jl. Merdeka No. 6, Jakarta', 2),
('f4209661-4bdc-4418-bc13-25abeca69c61', 'Agnez Mo', '08718003110', 'customer7@example.com', 'Jl. Merdeka No. 7, Jakarta', 5),
('980e59df-7c53-404f-999a-61582ebdd4e9', 'Chef Juna', '08129440236', 'customer8@example.com', 'Jl. Merdeka No. 8, Jakarta', 3),
('b9c7db1d-99b8-4950-bfa1-8abc75ff9308', 'Tara Basro', '08447912488', 'customer9@example.com', 'Jl. Merdeka No. 9, Jakarta', 3),
('d0b4c476-a5f2-4112-a30d-c9c679ce7e43', 'Sisca Kohl', '08995274686', 'customer10@example.com', 'Jl. Merdeka No. 10, Jakarta', 1),
('f195f888-bd3b-4ee3-84cb-fd6e52eed39f', 'Tara Basro', '08411505225', 'customer11@example.com', 'Jl. Merdeka No. 11, Jakarta', 5),
('f1a57118-1b1a-420a-ba76-c047057fb36b', 'Raditya Dika', '08980047779', 'customer12@example.com', 'Jl. Merdeka No. 12, Jakarta', 4),
('0490c4c3-7d09-45c3-bc54-b8d46982b00f', 'Tara Basro', '08105065026', 'customer13@example.com', 'Jl. Merdeka No. 13, Jakarta', 2),
('f833b60d-1371-4dc8-8a44-996096014901', 'Raisa Andriana', '08596514044', 'customer14@example.com', 'Jl. Merdeka No. 14, Jakarta', 1),
('683c2baa-551e-479f-84f4-e68b304c398a', 'Tulus', '08753471296', 'customer15@example.com', 'Jl. Merdeka No. 15, Jakarta', 1),
('d4199703-416a-43f8-afee-69714aae0a08', 'Michelle Ziudith', '08494022175', 'customer16@example.com', 'Jl. Merdeka No. 16, Jakarta', 1),
('6ad512cf-1371-4056-bc22-86223504cabf', 'Putri Tanjung', '08594147082', 'customer17@example.com', 'Jl. Merdeka No. 17, Jakarta', 2),
('47a762c3-ccb1-48a1-a490-c020b26047b6', 'Jefri Nichol', '08712416274', 'customer18@example.com', 'Jl. Merdeka No. 18, Jakarta', 2);

-- INSERT SPAREPARTS
INSERT INTO spareparts (id, nama, kategori, merek, rak, stok, min_stok, harga_modal, harga, pajak) VALUES
('BAT-SAM-6324', 'Baterai Samsung Seri 1', 'Baterai', 'Samsung', 'Rak E-5', 5, 5, 100000, 130000, 11),
('VGA-KIN-7391', 'VGA Kingston Seri 2', 'VGA', 'Kingston', 'Rak E-5', 26, 5, 380000, 494000, 11),
('RAM-LEN-9467', 'RAM Lenovo Seri 3', 'RAM', 'Lenovo', 'Rak D-4', 12, 5, 390000, 507000, 11),
('CPU-MSI-9822', 'CPU MSI Seri 4', 'CPU', 'MSI', 'Rak E-3', 27, 5, 480000, 624000, 11),
('KEY-MSI-9184', 'Keyboard MSI Seri 5', 'Keyboard', 'MSI', 'Rak B-3', 11, 5, 360000, 468000, 11),
('KEY-MSI-1515', 'Keyboard MSI Seri 6', 'Keyboard', 'MSI', 'Rak E-1', 30, 5, 170000, 221000, 11),
('BAT-WD-5530', 'Baterai WD Seri 7', 'Baterai', 'WD', 'Rak F-5', 12, 5, 310000, 403000, 11),
('MOT-SAM-3990', 'Motherboard Samsung Seri 8', 'Motherboard', 'Samsung', 'Rak A-5', 25, 5, 310000, 403000, 11),
('LAY-KIN-2822', 'Layar Kingston Seri 9', 'Layar', 'Kingston', 'Rak C-2', 27, 5, 320000, 416000, 11),
('BAT-DEL-4112', 'Baterai Dell Seri 10', 'Baterai', 'Dell', 'Rak A-1', 26, 5, 370000, 481000, 11),
('LAY-SAM-6608', 'Layar Samsung Seri 11', 'Layar', 'Samsung', 'Rak B-5', 26, 5, 420000, 546000, 11),
('RAM-INT-7008', 'RAM Intel Seri 12', 'RAM', 'Intel', 'Rak E-1', 17, 5, 440000, 572000, 11),
('KEY-AMD-8822', 'Keyboard AMD Seri 13', 'Keyboard', 'AMD', 'Rak F-1', 9, 5, 170000, 221000, 11),
('KEY-SAM-1650', 'Keyboard Samsung Seri 14', 'Keyboard', 'Samsung', 'Rak C-5', 9, 5, 260000, 338000, 11),
('KEY-COR-7723', 'Keyboard Corsair Seri 15', 'Keyboard', 'Corsair', 'Rak D-2', 23, 5, 280000, 364000, 11),
('TIN-AMD-8934', 'Tinta AMD Seri 16', 'Tinta', 'AMD', 'Rak D-4', 28, 5, 240000, 312000, 11),
('CPU-COR-2579', 'CPU Corsair Seri 17', 'CPU', 'Corsair', 'Rak D-2', 11, 5, 410000, 533000, 11),
('MOT-APP-4887', 'Motherboard Apple Seri 18', 'Motherboard', 'Apple', 'Rak E-3', 23, 5, 50000, 65000, 11),
('LAI-APP-7332', 'Lainnya Apple Seri 19', 'Lainnya', 'Apple', 'Rak B-2', 11, 5, 390000, 507000, 11),
('CPU-AMD-8637', 'CPU AMD Seri 20', 'CPU', 'AMD', 'Rak E-4', 9, 5, 150000, 195000, 11),
('BAT-DEL-6830', 'Baterai Dell Seri 21', 'Baterai', 'Dell', 'Rak C-3', 20, 5, 150000, 195000, 11),
('VGA-INT-8000', 'VGA Intel Seri 22', 'VGA', 'Intel', 'Rak D-1', 9, 5, 60000, 78000, 11),
('TIN-ASU-7636', 'Tinta Asus Seri 23', 'Tinta', 'Asus', 'Rak A-3', 19, 5, 180000, 234000, 11),
('MOT-MSI-8767', 'Motherboard MSI Seri 24', 'Motherboard', 'MSI', 'Rak A-2', 19, 5, 160000, 208000, 11),
('LAY-COR-1019', 'Layar Corsair Seri 25', 'Layar', 'Corsair', 'Rak D-4', 27, 5, 110000, 143000, 11),
('MOT-MSI-5131', 'Motherboard MSI Seri 26', 'Motherboard', 'MSI', 'Rak B-3', 16, 5, 240000, 312000, 11),
('TIN-INT-8280', 'Tinta Intel Seri 27', 'Tinta', 'Intel', 'Rak C-3', 23, 5, 140000, 182000, 11),
('KEY-SEA-8094', 'Keyboard Seagate Seri 28', 'Keyboard', 'Seagate', 'Rak D-4', 19, 5, 390000, 507000, 11),
('VGA-SEA-7537', 'VGA Seagate Seri 29', 'VGA', 'Seagate', 'Rak D-5', 13, 5, 330000, 429000, 11),
('CPU-INT-5335', 'CPU Intel Seri 30', 'CPU', 'Intel', 'Rak E-5', 23, 5, 420000, 546000, 11),
('MOT-APP-9097', 'Motherboard Apple Seri 31', 'Motherboard', 'Apple', 'Rak D-4', 21, 5, 360000, 468000, 11),
('RAM-INT-6716', 'RAM Intel Seri 32', 'RAM', 'Intel', 'Rak E-1', 19, 5, 290000, 377000, 11),
('PEN-HP-6789', 'Penyimpanan HP Seri 33', 'Penyimpanan', 'HP', 'Rak F-1', 30, 5, 490000, 637000, 11),
('LAI-ACE-7925', 'Lainnya Acer Seri 34', 'Lainnya', 'Acer', 'Rak D-3', 29, 5, 340000, 442000, 11),
('MOT-ASU-8868', 'Motherboard Asus Seri 35', 'Motherboard', 'Asus', 'Rak F-2', 26, 5, 150000, 195000, 11),
('KEY-LEN-1675', 'Keyboard Lenovo Seri 36', 'Keyboard', 'Lenovo', 'Rak D-3', 28, 5, 490000, 637000, 11),
('LAI-COR-5635', 'Lainnya Corsair Seri 37', 'Lainnya', 'Corsair', 'Rak B-1', 29, 5, 150000, 195000, 11),
('VGA-SEA-7400', 'VGA Seagate Seri 38', 'VGA', 'Seagate', 'Rak C-5', 8, 5, 380000, 494000, 11),
('LAI-SEA-7715', 'Lainnya Seagate Seri 39', 'Lainnya', 'Seagate', 'Rak C-4', 13, 5, 190000, 247000, 11),
('RAM-SAM-9372', 'RAM Samsung Seri 40', 'RAM', 'Samsung', 'Rak D-1', 27, 5, 310000, 403000, 11),
('CPU-MSI-1391', 'CPU MSI Seri 41', 'CPU', 'MSI', 'Rak C-4', 29, 5, 180000, 234000, 11),
('CPU-AMD-9026', 'CPU AMD Seri 42', 'CPU', 'AMD', 'Rak D-2', 29, 5, 240000, 312000, 11),
('RAM-AMD-3836', 'RAM AMD Seri 43', 'RAM', 'AMD', 'Rak B-2', 10, 5, 260000, 338000, 11),
('MOT-ASU-4234', 'Motherboard Asus Seri 44', 'Motherboard', 'Asus', 'Rak B-3', 29, 5, 200000, 260000, 11),
('CPU-INT-3658', 'CPU Intel Seri 45', 'CPU', 'Intel', 'Rak B-2', 30, 5, 260000, 338000, 11),
('TIN-LEN-1901', 'Tinta Lenovo Seri 46', 'Tinta', 'Lenovo', 'Rak A-5', 27, 5, 480000, 624000, 11),
('TIN-AMD-8896', 'Tinta AMD Seri 47', 'Tinta', 'AMD', 'Rak D-1', 25, 5, 490000, 637000, 11),
('LAI-LEN-6392', 'Lainnya Lenovo Seri 48', 'Lainnya', 'Lenovo', 'Rak B-1', 15, 5, 120000, 156000, 11),
('MOT-SAM-3649', 'Motherboard Samsung Seri 49', 'Motherboard', 'Samsung', 'Rak B-1', 15, 5, 390000, 507000, 11),
('LAI-ASU-4257', 'Lainnya Asus Seri 50', 'Lainnya', 'Asus', 'Rak C-2', 12, 5, 270000, 351000, 11),
('VGA-ACE-9654', 'VGA Acer Seri 51', 'VGA', 'Acer', 'Rak D-2', 22, 5, 340000, 442000, 11),
('TIN-HP-1775', 'Tinta HP Seri 52', 'Tinta', 'HP', 'Rak B-4', 13, 5, 440000, 572000, 11),
('PEN-SEA-2551', 'Penyimpanan Seagate Seri 53', 'Penyimpanan', 'Seagate', 'Rak B-1', 10, 5, 420000, 546000, 11),
('LAI-SAM-5217', 'Lainnya Samsung Seri 54', 'Lainnya', 'Samsung', 'Rak F-1', 29, 5, 190000, 247000, 11),
('PEN-ACE-3945', 'Penyimpanan Acer Seri 55', 'Penyimpanan', 'Acer', 'Rak E-5', 11, 5, 150000, 195000, 11),
('BAT-WD-1510', 'Baterai WD Seri 56', 'Baterai', 'WD', 'Rak F-2', 26, 5, 500000, 650000, 11),
('MOT-HP-2968', 'Motherboard HP Seri 57', 'Motherboard', 'HP', 'Rak F-5', 19, 5, 270000, 351000, 11),
('TIN-KIN-2491', 'Tinta Kingston Seri 58', 'Tinta', 'Kingston', 'Rak C-2', 9, 5, 90000, 117000, 11),
('LAY-HP-8818', 'Layar HP Seri 59', 'Layar', 'HP', 'Rak C-2', 9, 5, 400000, 520000, 11),
('TIN-SEA-1659', 'Tinta Seagate Seri 60', 'Tinta', 'Seagate', 'Rak D-1', 30, 5, 60000, 78000, 11);

-- INSERT ORDERS
INSERT INTO orders (id, no_servis, pelanggan_id, teknisi_id, jenis_perangkat, merk_model, keluhan, pemeriksaan_awal, hasil_diagnosa, estimasi_biaya, biaya_jasa, spareparts, status) VALUES
('b91163f2-14b3-40a8-bc40-309fd048c8ad', 'SRV-2026-0001', '683c2baa-551e-479f-84f4-e68b304c398a', 't1', 'Proyektor', 'Lenovo Model 3', 'Blue screen', 'Sedang dicek', 'Kerusakan pada komponen', 1618000, 370000, '[{"id":"CPU-INT-5335","nama":"CPU Intel Seri 30","harga":546000,"qty":2},{"id":"VGA-INT-8000","nama":"VGA Intel Seri 22","harga":78000,"qty":2}]', 'MENUNGGU_SPAREPART'),
('84838a10-da75-4557-a419-0a5c973d8a8e', 'SRV-2026-0002', '980e59df-7c53-404f-999a-61582ebdd4e9', 't1', 'Laptop', 'Intel Model 34', 'Blue screen', 'Sedang dicek', 'Kerusakan pada komponen', 413000, 270000, '[{"id":"LAY-COR-1019","nama":"Layar Corsair Seri 25","harga":143000,"qty":1}]', 'MENUNGGU_KONFIRMASI'),
('f8628c98-3370-4c9b-8194-b6f084ffc937', 'SRV-2026-0003', '980e59df-7c53-404f-999a-61582ebdd4e9', 't1', 'Printer', 'AMD Model 15', 'Layar blank', 'Sedang dicek', 'Kerusakan pada komponen', 1436000, 240000, '[{"id":"CPU-AMD-9026","nama":"CPU AMD Seri 42","harga":312000,"qty":2},{"id":"RAM-INT-7008","nama":"RAM Intel Seri 12","harga":572000,"qty":1}]', 'MENUNGGU_KONFIRMASI'),
('0d71a7c4-5fc6-46b7-a026-f360b6969936', 'SRV-2026-0004', 'f195f888-bd3b-4ee3-84cb-fd6e52eed39f', 't1', 'Monitor', 'Kingston Model 97', 'Baterai drop', 'Sedang dicek', 'Kerusakan pada komponen', 140000, 140000, '[]', 'MENUNGGU_KONFIRMASI'),
('342ab75f-ed42-40c5-9058-18de38216f92', 'SRV-2026-0005', '435c9981-1b29-4993-b6c8-e57d3c878174', 't2', 'PC', 'Lenovo Model 51', 'Mati total', 'Sedang dicek', 'Kerusakan pada komponen', 220000, 220000, '[]', 'SELESAI'),
('edc4ea71-2903-4667-bc59-c348eba88f52', 'SRV-2026-0006', '6ad512cf-1371-4056-bc22-86223504cabf', 't2', 'PC', 'Asus Model 40', 'Tinta tidak keluar', 'Sedang dicek', 'Kerusakan pada komponen', 260000, 260000, '[]', 'DIAGNOSA'),
('c5f8c98a-1a83-4fdf-8234-fedc4831c686', 'SRV-2026-0007', 'dd4d9e2c-c5b5-4b67-9e32-3735a0f6dee9', 't2', 'Printer', 'Seagate Model 100', 'Mati total', 'Sedang dicek', 'Kerusakan pada komponen', 754000, 130000, '[{"id":"MOT-MSI-5131","nama":"Motherboard MSI Seri 26","harga":312000,"qty":2}]', 'SELESAI'),
('7d54409b-aef1-4273-b109-dd1285a1efc1', 'SRV-2026-0008', '980e59df-7c53-404f-999a-61582ebdd4e9', 't2', 'Proyektor', 'Apple Model 67', 'Baterai drop', 'Sedang dicek', 'Kerusakan pada komponen', 320000, 320000, '[]', 'MASUK'),
('09adb323-64f2-4ee9-9435-5e09074e550d', 'SRV-2026-0009', 'f195f888-bd3b-4ee3-84cb-fd6e52eed39f', 't1', 'PC', 'Seagate Model 37', 'Blue screen', 'Sedang dicek', 'Kerusakan pada komponen', 370000, 370000, '[]', 'DIAMBIL'),
('013ebc57-5468-404d-aa25-a3d34156ed1f', 'SRV-2026-0010', 'f4209661-4bdc-4418-bc13-25abeca69c61', 't2', 'PC', 'Samsung Model 23', 'Overheat', 'Sedang dicek', 'Kerusakan pada komponen', 1007000, 500000, '[{"id":"MOT-SAM-3649","nama":"Motherboard Samsung Seri 49","harga":507000,"qty":1}]', 'SELESAI'),
('278aa725-a6f2-4e10-af74-de96fad7254e', 'SRV-2026-0011', '435c9981-1b29-4993-b6c8-e57d3c878174', 't2', 'Monitor', 'Asus Model 93', 'Tinta tidak keluar', 'Sedang dicek', 'Kerusakan pada komponen', 634000, 140000, '[{"id":"CPU-AMD-9026","nama":"CPU AMD Seri 42","harga":312000,"qty":1},{"id":"TIN-INT-8280","nama":"Tinta Intel Seri 27","harga":182000,"qty":1}]', 'MASUK'),
('b735e284-24a4-48e8-8931-57f46ceb29db', 'SRV-2026-0012', '3aad0e42-05f6-4b0d-810f-f9fdc0ae73ff', 't2', 'Monitor', 'Corsair Model 5', 'Suara berisik', 'Sedang dicek', 'Kerusakan pada komponen', 280000, 280000, '[]', 'MASUK'),
('b5202dde-49e0-4f11-b894-611b7ce845f9', 'SRV-2026-0013', 'd4199703-416a-43f8-afee-69714aae0a08', 't2', 'Proyektor', 'AMD Model 56', 'Baterai drop', 'Sedang dicek', 'Kerusakan pada komponen', 2346000, 500000, '[{"id":"LAI-APP-7332","nama":"Lainnya Apple Seri 19","harga":507000,"qty":2},{"id":"LAY-KIN-2822","nama":"Layar Kingston Seri 9","harga":416000,"qty":2}]', 'PROSES'),
('8da91165-45b2-41db-96ef-41dda1c9b153', 'SRV-2026-0014', 'f1a57118-1b1a-420a-ba76-c047057fb36b', 't1', 'Monitor', 'Apple Model 73', 'Baterai drop', 'Sedang dicek', 'Kerusakan pada komponen', 120000, 120000, '[]', 'MENUNGGU_SPAREPART'),
('94768be9-99be-4a28-98d9-c81a3d8dae33', 'SRV-2026-0015', '435c9981-1b29-4993-b6c8-e57d3c878174', 't2', 'Printer', 'Intel Model 21', 'Tidak bisa booting', 'Sedang dicek', 'Kerusakan pada komponen', 1798000, 420000, '[{"id":"LAI-SEA-7715","nama":"Lainnya Seagate Seri 39","harga":247000,"qty":2},{"id":"VGA-ACE-9654","nama":"VGA Acer Seri 51","harga":442000,"qty":2}]', 'SELESAI'),
('957d2f53-7fc5-4818-b645-d1b7030ad0fc', 'SRV-2026-0016', '435c9981-1b29-4993-b6c8-e57d3c878174', 't2', 'Monitor', 'Asus Model 4', 'Layar blank', 'Sedang dicek', 'Kerusakan pada komponen', 460000, 460000, '[]', 'BATAL'),
('c0eaaf42-0d78-4a3a-8ffe-3d0684fae97b', 'SRV-2026-0017', 'f833b60d-1371-4dc8-8a44-996096014901', 't2', 'Monitor', 'Corsair Model 43', 'Mati total', 'Sedang dicek', 'Kerusakan pada komponen', 1221000, 350000, '[{"id":"MOT-ASU-8868","nama":"Motherboard Asus Seri 35","harga":195000,"qty":2},{"id":"BAT-DEL-4112","nama":"Baterai Dell Seri 10","harga":481000,"qty":1}]', 'BATAL'),
('ab01eeca-40a2-4e3a-9a7d-86973a2881fd', 'SRV-2026-0018', '3471713f-2791-4c25-9e5b-fa91346649d1', 't2', 'Monitor', 'Lenovo Model 43', 'Kena air', 'Sedang dicek', 'Kerusakan pada komponen', 210000, 210000, '[]', 'MASUK'),
('303d0091-5278-4b3b-87b8-60c0f843da51', 'SRV-2026-0019', '435c9981-1b29-4993-b6c8-e57d3c878174', 't1', 'Laptop', 'Lenovo Model 18', 'Kena air', 'Sedang dicek', 'Kerusakan pada komponen', 1764000, 360000, '[{"id":"KEY-COR-7723","nama":"Keyboard Corsair Seri 15","harga":364000,"qty":2},{"id":"RAM-AMD-3836","nama":"RAM AMD Seri 43","harga":338000,"qty":2}]', 'SELESAI'),
('b76db8cd-fbe7-49b1-9c56-1772bfbb2d1a', 'SRV-2026-0020', '435c9981-1b29-4993-b6c8-e57d3c878174', 't1', 'PC', 'Kingston Model 34', 'Baterai drop', 'Sedang dicek', 'Kerusakan pada komponen', 220000, 220000, '[]', 'SELESAI'),
('6bc5868e-af24-4792-be22-a1a4f0571572', 'SRV-2026-0021', 'b9c7db1d-99b8-4950-bfa1-8abc75ff9308', 't1', 'Printer', 'AMD Model 97', 'Keyboard error', 'Sedang dicek', 'Kerusakan pada komponen', 1695000, 460000, '[{"id":"LAY-HP-8818","nama":"Layar HP Seri 59","harga":520000,"qty":2},{"id":"PEN-ACE-3945","nama":"Penyimpanan Acer Seri 55","harga":195000,"qty":1}]', 'PROSES'),
('2fc3dd0f-863a-4751-b0a0-98adac965639', 'SRV-2026-0022', 'f4209661-4bdc-4418-bc13-25abeca69c61', 't1', 'Monitor', 'WD Model 35', 'Blue screen', 'Sedang dicek', 'Kerusakan pada komponen', 160000, 160000, '[]', 'DIAGNOSA'),
('236ad0e5-24df-42d0-a126-131a344e14d9', 'SRV-2026-0023', 'd4199703-416a-43f8-afee-69714aae0a08', 't2', 'PC', 'MSI Model 17', 'Keyboard error', 'Sedang dicek', 'Kerusakan pada komponen', 801000, 320000, '[{"id":"BAT-DEL-4112","nama":"Baterai Dell Seri 10","harga":481000,"qty":1}]', 'DIAMBIL'),
('9b464c5c-7a04-4ed9-981f-9d022a2ec597', 'SRV-2026-0024', 'f195f888-bd3b-4ee3-84cb-fd6e52eed39f', 't1', 'Printer', 'Asus Model 72', 'Blue screen', 'Sedang dicek', 'Kerusakan pada komponen', 708000, 240000, '[{"id":"TIN-ASU-7636","nama":"Tinta Asus Seri 23","harga":234000,"qty":2}]', 'MENUNGGU_KONFIRMASI'),
('82346a27-9fad-4bc8-b46d-6ab8bc6ae113', 'SRV-2026-0025', '980e59df-7c53-404f-999a-61582ebdd4e9', 't1', 'Laptop', 'Asus Model 50', 'Kena air', 'Sedang dicek', 'Kerusakan pada komponen', 200000, 200000, '[]', 'DIAGNOSA');

